timestamp,step,cost,type,description,input_tokens,output_tokens,model
2026-07-16 15:05:12,1,0.005355,llm_call,LLM turn 1 (anthropic) (tool_call),1280,101,claude-sonnet-4-6
2026-07-16 15:05:12,2,0.000000,tool,read: deps03.md,0,0,
2026-07-16 15:05:12,3,0.000000,tool,read: deps03.out.md,0,0,
2026-07-16 15:05:16,4,0.006189,llm_call,LLM turn 2 (anthropic) (tool_call),1518,109,claude-sonnet-4-6
2026-07-16 15:05:16,5,0.000000,tool,"bash: ls *.md 2>/dev/null && ls *.out.md 2>/dev/null; echo ""---""; ls",0,0,
2026-07-16 15:05:18,6,0.006960,llm_call,LLM turn 3 (anthropic) (tool_call),1855,93,claude-sonnet-4-6
2026-07-16 15:05:18,7,0.000000,tool,read: deps02.md,0,0,
2026-07-16 15:05:18,8,0.000000,tool,read: deps02.out.md,0,0,
2026-07-16 15:05:20,9,0.009903,llm_call,LLM turn 4 (anthropic) (tool_call),3036,53,claude-sonnet-4-6
2026-07-16 15:05:20,10,0.000000,tool,read: go.mod,0,0,
2026-07-16 15:05:34,11,0.020385,llm_call,LLM turn 5 (anthropic) (complete),3640,631,claude-sonnet-4-6
